<?xml version="1.0"?>
<doc>
    <assembly>
        <name>CarsIsland.API</name>
    </assembly>
    <members>
        <member name="M:CarsIsland.API.Controllers.CarController.GetAllCars">
            <summary>
            Gets list with available cars for rent
            </summary>
            <returns>
            List with available cars for rent
            </returns> 
            <response code="200">List with cars</response>
            <response code="401">Access denied</response>
            <response code="404">Cars list not found</response>
            <response code="500">Oops! something went wrong</response>
        </member>
        <member name="M:CarsIsland.API.Controllers.EnquiryController.AddNewEnquiry(CarsIsland.API.Dto.CustomerEnquiry)">
            <summary>
            Add new customer enquiry
            </summary>
            <returns>
            Returns created customer enquiry
            </returns> 
            <response code="200">Created customer enquiry</response>
            <response code="401">Access denied</response>
            <response code="400">Model is not valid</response>
            <response code="500">Oops! something went wrong</response>
        </member>
    </members>
</doc>
